{
 "@context": {
  "@vocab": "http://schema.org/"
 },
 "@id": "http://opencoredata.org/id/dataset/SOME-PID-FOR-THIS-DATASET",
 "@type": "Dataset",
 "description": "Carp Lake",
 "distribution": {
  "@type": "DataDownload",
  "contentUrl": "http://opencoredata.org/api/v1/documents/download/SOME-PID-FOR-THIS-DATASET.zip"
 },
 "keywords": "Carp Lake",
 "name": "PID-OR-SHA-FOR-FILE.zip",
 "publisher": {
  "@type": "Person",
  "name": "Douglas Fils",
  "identifier": {
    "@type": "PropertyValue",
    "propertyID": "datacite:orcid",
    "url": "https://orcid.org/0000-0002-2257-9127",
    "value": "0000-0003-3432-2297"
  }
 },
 "spatialCoverage": {
  "@type": "Place",
  "geo": {
   "@type": "GeoCoordinates",
   "latitude": "47.151205",
   "longitude": "-122.5634802"
  }
 },
 "url": "http://opencoredata.org/id/dataset/SOME-PID-FOR-THIS-DATASET",
 "variableMeasured": [
  {
   "@type": "PropertyValue",
   "description": "Fragmental material produced by a volcanic eruption regardless of composition, fragment size or emplacement mechanism",
   "unitText": "text",
   "url": "https://en.wikipedia.org/wiki/Tephra",
   "value": "Tephra"
  },
  {
   "@type": "PropertyValue",
   "description": "Description of its physical characteristics visible ",
   "unitText": "text",
   "url": "https://en.wikipedia.org/wiki/Lithology",
   "value": "Lithology"
  }
 ]
} 
