{
    "profile" : "data-package",
    "resources": [
      {
        "path": "data/CarpLake11907.xls",
        "mediatype": "application/vnd.openxmlformats-officedocument.spreadsheetml.sheet",
        "name": "carplake11907.xls"
      },
      {
        "path": "data/CarpLakeCoreStratigraphy.xlsx",
        "mediatype": "application/vnd.openxmlformats-officedocument.spreadsheetml.sheet",
        "name": "carplakecorestratigraphy.xlsx"
      },
      {
        "path": "data/CarpLakeLogSheetssm.pdf",
        "mediatype": "application/pdf",
        "name": "carplakelogsheetssm.pdf"
      },
      {
        "path": "data/Whitlocketal2000EnvhistorytephrostratCarpLake.pdf",
        "mediatype": "application/pdf",
        "name": "whitlocketal2000envhistorytephrostratcarplake.pdf"
      },
      {
        "path": "metadata/schemaorg.json",
        "name": "schema.org",
        "mediatype": "application/ld+json"
      }
    ]
  }
